1.25,5,-,0,98.07,0,98.32,0,98.51,98.46,97.64,98.45,98.55,0,0,98.37,98.47,98.69,98.03,98.26,98.66,98.65,98.26,98.48,98.18,98.53,97.92,0,98.61,98.49,98.11,98.26,98.37,98.39,98.67,98.82,98.36,98.92,98.36,98.5,0,98.32,97.97,98.11,0,98.34,98.6,98.24,98.89,98.27,98.35,98.36,98.62,98.49,0,98.25,98.82,98.24,98.72,98.1,0,98.34,98.44,98.33,0,98.42,98.89,98.43,0,98.26,98.59,98.58,98.49,98.3,98.07,0,98.33,98.59,98.51,98.72,98.09,98.45,0,98.65,0,98.77,98.53,0,98.06,0,98.19,98.52,98.26,98.86,98.53,98.53,98.59,98.28,98.33,0,0,98.72,0
1.33,5,-,0,98.75,98.45,98.65,98.51,98.59,0,98.25,98.75,97.54,0,98.4,98.01,98.53,98.69,0,98.41,98.44,98.59,0,98.63,98.44,98.71,98.61,98.86,0,98.5,98.48,97.98,98.5,0,0,98.43,0,98.49,98.48,98.38,98.38,97.96,0,0,0,98.43,98.36,98.62,0,98.57,97.66,98.26,98.59,98.69,0,98.61,98.43,98.44,98.28,98.45,98.58,97.77,0,0,98.37,98.08,98.29,98.7,98.25,0,98.69,98.18,97.72,98.34,98.29,0,98.71,0,98.6,98.26,98.3,97.85,98.32,98.62,0,98.57,98.6,98.26,98.2,98.03,98.55,98.62,98.32,98.31,98.01,0,98.34,98.48,0,0,98.41,98.66,98.6
1.5,5,-,62.93,62.9,0,0,0,61.15,0,66.23,0,0,64.84,61.86,0,0,0,0,0,0,63.12,62.65,64.11,63.53,64.24,62.1,0,61.23,0,65.73,0,60.47,65.42,61.91,62.69,63.52,62.89,65.27,0,64.81,0,0,0,60.87,0,65.21,60.76,0,64.42,0,62.65,66.31,62.81,0,63.19,63.75,0,0,61.26,63.74,59.97,0,65.83,0,64.12,64.34,65.36,0,64.03,64.22,63.03,63.28,0,0,0,66.67,63.79,65.95,64.07,65.27,0,64.52,64.59,0,0,60.72,62.77,65.24,65.66,68.21,0,0,64.03,64.48,64.07,0,0,0,0,0,65.08,62.43
1.67,5,-,0,0,0,0,0,0,0,0,0,0,0,0.32,0,0,0,0,0,0,0,0,0,0,0,1.99,0,0,0,0,0,0,1.81,0,0,0,0,0,0,0,0,0,0,0,0,0,0,0,0,0,0,0,0,2.97,0,0,0,0,0,0,1.1,0,0,0,0,0,0,0,0,0,0,0,0,0,0,0,0,0,0,0,0,0,2.09,0.8,0,0,0,0,0,0,0,0,0,0,0,0,0,0,0,0,0,0
2,5,-,0,0,0,0,0,0,0,0,0,0,0,0,0,0,0,0,0,0,0,0,0,0,0,0,0,0,0,0,0,0,0,0,0,0,0,0,0,0,0,0,0,0,0,0,0,0,0,0,0,0,0,0,0,0,0,0,0,0,0,0,0,0,0,0,0,0,0,0,0,0,0,0,0,0,0,0,0,0,0,0,0,0,0,0,0,0,0,0,0,0,0,0,0,0,0,0,0,0,0,0
1.25,10,-,98.51,98.45,98.15,98.7,98.62,98.48,98.48,98.44,98.4,98.24,97.98,98.55,98.58,98.4,98.78,98.17,98.7,98.65,98.61,98.62,98.5,98.65,98.7,98.47,98.44,98.61,98.67,98.52,98.67,98.7,97.96,98.32,98.77,98.86,98.44,98,98.44,98.39,98.53,98.52,98.63,98.43,98.44,98.9,98.3,98.44,98.64,98.69,98.69,98.63,98.09,98.72,98.79,98.09,98.6,98.51,98.6,98.71,98.54,98.4,98.32,98.58,98.67,98.58,98.72,98.49,98.6,98.49,98.46,98.37,98.82,98.44,98.69,98.47,98.26,98.18,98.64,98.58,98.5,98.16,98.67,98.58,98.84,98.13,98.63,98.84,98.94,98.59,98.86,98.69,98.17,98.62,98.4,98.08,98.24,98.35,98.63,98.46,98.38,98.73
1.33,10,-,98.26,98.57,98.43,98.1,98.93,98.26,98.23,98.51,98.55,98.52,98.59,98.23,98.4,98.66,98.36,98.54,98.32,99,98.79,98.51,98.61,98.43,98.06,98.26,98.36,98.78,98.75,98.64,98.67,98.4,98.6,98.43,98.63,98.77,98.52,98.7,98.74,98.04,98.42,98.57,98.76,98.45,98.2,98.04,98.22,98.48,98.49,98.76,98.92,98.47,98.54,98.47,98.55,98.66,98.36,98.32,98.61,99.09,98.91,98.8,98.74,98.41,98.44,98.25,98.81,98.73,98.49,98.58,98.85,98.59,98.42,98.51,98.88,98.68,98.49,98.61,98.63,98.8,98.59,98.75,98.67,98.41,98.46,98.56,98.75,97.88,97.97,98.45,98.81,98.57,98.33,98.67,98.21,98.3,98.7,98.58,98.66,98.39,98.01,98.51
1.5,10,-,65.25,64.26,63.73,65.12,65.97,63.18,65.68,64.46,61.87,65.22,65.53,63.43,64.41,62.12,61.54,62.72,62.45,62.73,66.99,62.14,62.95,61.3,65.55,63.78,61.33,65.01,67.49,63.88,61.97,61.78,63.32,63.78,64.13,62.43,64.96,61.69,62.52,64.86,65.75,63.83,63.84,66.64,66.22,63.75,62.85,63.8,62.94,60.24,65.32,63.96,62.25,63.8,63.39,66.06,62.2,62.75,63.56,62.7,62.86,63.89,65.28,62.23,64.89,64.77,60.58,65.03,64.97,64.45,65.54,63.46,63,62.75,65.96,65.85,61.67,63.2,63.09,65.47,65.98,66.21,62.66,62.61,66.97,64.07,65.57,66.27,63.58,63.54,63.16,65.11,61.79,65.14,61.81,65.56,61.56,65.32,62.56,61.81,62.95,62.81
1.67,10,-,0,0,0,1.06,0,0,0,0,0,0,0,0,0,1.44,0,0,2.69,0,0,0,0,0,0,0,2.03,0,0,0,0,0,1.18,1.39,0,0,3.4,1.8,0,0,0,0,0,1.29,0,0,0,2.8,0,0,0,0,0,1.91,0,0,0,0,0.23,0.93,1.04,1.52,0,0,0,0,1.43,0,0,0,1.28,0,0,0,0,0,0,0,0,0,3.03,0,0,0,0,0,0,0,1.53,0,1.37,0,0,0,0,0,0,0,0.63,0,0.79,0
2,10,-,0,0,0,0,0,0,0,0,0,0,0,0,0,0,0,0,0,0,0,0,0,0,0,0,0,0,0,0,0,0,0,0,0,0,0,0,0,0,0,0,0,0,0,0,0,0,0,0,0,0,0,0,0,0,0,0,0,0,0,0,0,0,0,0,0,0,0,0,0,0,0,0,0,0,0,0,0,0,0,0,0,0,0,0,0,0,0,0,0,0,0,0,0,0,0,0,0,0,0,0
1.25,30,-,98.7,98.46,98.55,98.42,98.39,98.44,98.54,98.46,98.69,98.38,98.84,98.67,98.55,98.6,98.47,98.15,98.32,98.27,98.75,98.75,98.41,98.25,98.39,98.52,98.07,98.77,98.8,98.41,98.71,97.85,98.55,98.67,98.54,98.48,98.15,98.66,98.44,98.33,98.8,98.13,97.85,98.54,98.58,98.59,98.87,98.49,98.47,98.32,98.6,98.3,98.53,98.4,98.43,98.31,98.59,98.17,98.32,98.03,98.02,98.08,98.08,98.48,98.57,99,98.3,98.61,98.48,98.33,98.51,98.79,98.52,98.74,98.55,98.71,98.41,98.84,98.68,98.63,98.64,98.67,98.35,98.12,98.45,98.58,98.43,98.3,98.89,98.87,98.74,98.53,98.45,98.75,98.4,98.13,98.54,98.11,98.42,98.37,98.36,98.8
1.33,30,-,98.68,98.63,98.56,98.08,98.85,98.71,98.56,98.4,98.85,98.25,98.68,98.78,98.68,98.47,99.03,98.64,98.1,98.57,98.32,98.29,98.3,98.67,98.7,98.79,98.26,98.15,98.4,98.89,98.44,98.7,98.59,98.77,98.85,98.32,98.57,98.75,98.26,98.82,98.43,98.58,98.25,98.5,98.65,98.71,98.4,98.25,98.56,98.5,98.67,98.95,98.78,98.76,98.5,99.07,98.66,98.43,98.69,98.61,98.54,98.71,98.33,98.23,98.24,98.36,98.15,98.52,98.63,98.61,98.36,98.63,98.25,98.49,98.3,98.35,98.29,98.07,98.57,98.57,98.52,98.22,98.4,98.58,98.76,97.98,98.75,98.51,98.46,98.7,98.58,98.68,98.38,98.19,98.48,98.53,98.66,98.4,98.7,98.4,98.74,98.52
1.5,30,-,63.07,63.89,63.77,66.17,63.9,63.05,64.53,65.92,65.26,63.86,63.42,63.57,63.93,65.83,63.75,64,62.36,62.35,62.9,65.6,62.95,65.5,63.47,65.87,62.69,65.35,63.43,66.42,66.4,62.56,62.76,63.52,65.89,63.38,64.27,65.01,63.47,61.34,63.75,63.81,62.31,62.35,62.44,64.33,63.93,65.01,62.23,64.83,62.01,65.1,66.39,63.92,63.04,62.52,64.55,65.62,64.71,63.19,62.61,65.7,64.5,64.76,62.81,63.88,64.41,63.46,64.6,63.09,62.7,67.58,62.72,64.99,65,65.27,62.47,64.28,65.7,63.94,62.81,62.6,63.2,65.03,64.34,62.3,64.77,62.81,64.5,64.76,63.45,61.51,64.11,62.21,67.02,63.85,63.73,63.43,63.74,61.59,62.95,64.98
1.67,30,-,1.53,0.65,1.44,1.15,1.58,0.64,2.53,2.06,0,0.99,0.42,0.45,1.46,1.06,0,1.07,0.67,3.83,2.2,0,0,2.14,2.2,1.04,1.13,0.59,0,0,1.81,1.73,0.58,0,0.96,3.88,0,1.48,0,0.57,0.92,2.92,0,1.46,0.43,4.34,0,1.46,0,3.16,0.86,1.08,4.4,1.37,0.52,0.2,0,1.92,0.28,0,2.68,4.64,1.56,0.21,0.56,0,0,0.7,1.53,0.86,3.59,0,3.45,0,2.48,1.73,2.09,1.5,2.84,4.12,0.62,0,0,1.28,0,0,0,2.1,0,0,0,0,2.31,1.43,0,0.27,1.35,1.56,1.54,1.24,0,0
2,30,-,0,0,0,0,0,0,0,0,0,0,0,0,0,0,0,0,0,0,0,0,0,0,0,0,0,0,0,0,0,0,0,0,0,0,0,0,0,0,0,0,0,0,0,0,0,0,0,0,0,0,0,0,0,0,0,0,0,0,0,0,0,0,0,0,0,0,0,0,0,0,0,0,0,0,0,0,0,0,0,0,0,0,0,0,0,0,0,0,0,0,0,0,0,0,0,0,0,0,0,0
1.25,50,-,98.63,98.61,98.07,98.51,98.38,98.59,98.43,97.89,98.33,98.3,98.33,98.3,98.66,98.17,98.43,98.54,98.68,98.62,98.61,98.36,98.52,98.53,98.76,98.81,98.8,98.74,98.33,98.18,98.48,98.06,98.76,98.73,98.2,98.79,98.61,98.46,98.54,98.59,98.05,98.26,98.21,98.84,98.16,98.72,98.39,98.62,98.5,98.67,98.15,98.05,98.69,97.88,98.7,98.24,98.57,98.73,98.39,98.76,98.31,98.53,99.04,98.53,98.35,98.26,97.9,98.45,98.54,98.34,98.33,98.38,98.15,98.69,98.68,98.37,98.71,98.42,98.48,98.92,98.68,98.72,98.52,98.46,98.2,98.76,97.97,98.74,98.61,98.33,98.47,98.49,97.98,98.35,98.26,99.02,98.45,98.01,98.72,98.38,98.83,98.34
1.33,50,-,98.59,98.55,98.61,98.66,98.84,98.35,98.61,98.84,98.2,98.7,98.11,98.52,98.84,98.51,97.96,98.11,98.27,98.09,98.33,98.9,98.1,98.51,98.5,98.72,98.62,98.65,98.49,98.65,98.84,98.29,98.55,98.67,98.44,98.74,98.5,98.5,98.53,98.31,98.63,98.65,98.79,98.36,98.44,98.55,98.43,98.82,98.36,98.46,98.35,97.89,98.45,98.18,98.5,98.73,98.76,98.28,98.76,98.42,98.43,98.78,98.66,98.89,98.52,98.65,98.89,98.49,98.28,98.35,98.08,98.5,98.04,98.37,98.6,98.36,98.32,98.4,98.33,98.01,98.09,98.32,98.76,97.66,98.6,98.17,98.28,98.7,98.38,98.28,98.28,98.79,98.46,98.26,98.23,98.52,98.29,98.55,97.76,98.52,98.56,98.6
1.5,50,-,63.74,65.38,64.3,63.41,65.19,62.12,64.82,64.23,64.23,63.25,64.04,63.03,65.06,63.4,66.02,64.95,67.58,62.72,64.29,61.49,61.79,64.41,63.17,64.28,65.16,65.5,65.51,65.32,66.57,62.68,64.84,63.85,64.92,61.54,64.07,63.08,64.42,64.53,66.23,64.65,64.77,62.44,62,63.43,61.79,64.18,63.44,65.1,65.6,65.93,64.91,66.24,63.27,62.6,67.17,63.18,62.62,63.15,65.88,63.76,67.26,65.3,61.01,62.6,63.69,62.86,63.39,64.16,65.82,62.67,61.99,63.38,61.27,66.69,62.46,65.99,61.76,62.68,65.24,61.44,62.57,65.47,62.36,67.93,63.61,65.48,64.92,65.61,63.89,65.96,64.92,66.42,64.07,62.27,67.19,64.86,66.43,65.49,64.52,62.65
1.67,50,-,2.48,4.82,2.28,2.39,0.21,3.76,0.58,7.98,1.12,2.06,0.69,2.04,1.49,3.37,1.87,1.27,2.93,2.33,1.5,4.86,3.63,1.08,7.4,0,0,3.8,2.72,4.64,3.44,3.78,1.12,1.21,1.14,3.8,3.42,1.23,4.81,3.26,1.78,1.63,0,0.94,2.02,2.51,3.38,1.86,1.09,4.97,4.76,3.67,0,7.35,5.35,4.03,2.25,2.97,4.36,2.78,2.69,1.51,4.75,2.25,0,4.89,1.86,1.77,0,0.99,3.04,0,6.26,0.34,1.87,0.57,3.97,2.16,3.97,1.8,3.91,1.49,0.18,1.09,4.58,2.75,2.59,0,4.07,2.92,0,4.13,4.15,3.39,2.54,0.97,3.51,4.28,5,1.91,0.28,4.42
2,50,-,0,0,0,0,0,0,0,0,0,0,0,0,0,0,0,0,0,0,0,0,0,0,0,0,0,0.25,0,0,0,0,0,0,0,0,0,0,0,0,0,0,0,0,0,0,0,0,0,0,0,0,0,0,0,0,0,0,0,0,0,0,0,0,0,0,0,0,0,0,0,0,0,0,0,0,0,0,0,0,0,0,0,0,0,0,0,0,0,0,0,0,0,0,0,0,0,0,0,0,0,0
1.25,70,-,98.7,98.47,98.97,98.58,98.51,98.68,98.59,98.02,98.42,98.38,98.65,98.55,98.27,98.43,98.31,98.26,98.27,98.19,98.57,98.53,98.05,98.22,98.52,98.7,98.34,98.58,98.05,98.32,98.49,98.5,98.57,98.38,98.24,98.16,98.43,97.95,98.26,98.72,98.66,98.51,98.22,98.54,98.59,98.68,98.31,98.71,98.28,98.78,98.7,98.48,98.52,98.52,98.61,98.35,98.38,98.71,98.25,98.78,97.8,98.75,98.76,98.47,98.4,98.61,98.47,98.34,98.03,98.46,98.64,98.55,98.35,98.76,98.55,98.38,98.84,98.54,98.4,98.32,98.29,98.31,98.63,98.15,98.49,98.45,98.1,98.63,98.71,98.11,98.59,98.41,98.5,98.33,98.33,98.56,97.97,98.65,98.38,98.25,98.27,98.45
1.33,70,-,98.56,98.47,98.11,98.5,98.57,98.23,98.8,98.82,98.39,98.43,98.27,98.3,98.83,97.98,98.71,98.41,98.89,98.39,98.16,98.15,98.39,98.48,98.56,98.44,98.26,98.53,98.47,98.49,98.33,98.07,98.27,98.71,98.49,98.41,98.57,98.46,98.14,98.1,98.38,98.59,98.61,98.06,98.73,98.5,98.33,98.54,98.64,98.08,97.98,98.48,98.35,98.54,98.69,98.74,98.4,98.13,98.66,98.76,98.33,98,98.41,98.29,98.38,98.26,98.32,98.3,98.68,98.38,98.38,98.67,97.75,98.02,98.4,98.53,98.58,98.57,98.55,98.49,98.5,98.37,98.39,97.89,98.33,98.46,98.37,98.57,98.23,98.7,98.5,98.5,98.02,98.25,98.5,98.34,98.53,98.42,98.11,98.61,98.26,98.21
1.5,70,-,64.91,64.03,63.73,65.01,65.69,64.39,63.49,65.93,59.23,65.56,65.34,63.14,62.98,66.12,62.74,66.05,62.75,63.87,63.86,62.44,63.23,62.94,63.62,65.66,64.86,62.79,64.76,64.19,64.83,64.82,65.3,63.85,64.76,63.76,63.35,63.21,63.62,64.15,62.34,61.41,63.22,63.98,61.49,65.06,64.23,63.01,63.21,64.32,64.63,65.06,63.96,65.91,62.11,62.92,65.62,60.96,66,65.56,63.06,66.58,63.02,61.98,63.14,64.57,64.28,64.37,62.32,63.08,63.85,65.36,66.47,64.33,62.88,65.08,64.88,64.37,61.57,64.09,64.33,62.66,64.7,62.53,65.51,62.78,63.64,62.78,65,65.15,63.55,64.13,63.38,66.55,64.95,65.18,63.72,64.28,62.8,65.71,64.33,63.51
1.67,70,-,2.88,2.64,2.86,4.88,2.36,5.55,5.89,3.11,0.37,3.28,6.41,2.28,2.62,3.57,5.05,5.87,4.44,2.13,2.98,1.89,5.2,3.53,3.27,4.42,1.77,3.11,1.61,3.4,3.18,5.55,3.25,0.68,1.98,4.03,5.47,1.76,4.54,4.31,2.91,3.22,2.78,4.21,4.34,1.28,2.45,2.45,1.47,6.3,4.05,0.99,5.88,2.92,5.1,3.75,2.15,3.39,2.1,1.51,4.94,0.96,3.63,1.15,4.05,4.55,3.83,2.75,1.6,8.1,1.11,2.99,0.2,4.67,3.13,3.2,5.78,0.89,6.24,1.23,2.33,6.75,1.19,4.33,2.76,6.21,5.76,3.54,3.96,1.82,7.18,3.33,6.29,1.87,2.83,2.39,4.62,8.09,7.24,3.79,4.81,2.93
2,70,-,0,0,0,0,0,0,0,0,0,0,0,0,0,0,0,0,0,0,0,0,0,0,0,0,0,0,0,0,0,0,0,0,0,0,0,0,0,0,0,0,0,0,0,0,0,0,0,0,0,0,0,0,0,0,0,0,0,0,0,0,0,0,0,0,0,0,0,0,0,0,0,0,0,0,0,0,0,0,0,0,0,0,0,0,0,0,0,0,0,0,0,0,0,0,0,0,0,0,0,0
1.25,90,-,98.48,98.2,98.54,98.46,98.7,98.17,98.35,98.44,98.33,98.34,97.96,98.63,98.77,98.47,98.53,98.37,98.51,98.17,98.58,98.43,98.48,98.53,98.42,98.32,98.32,98.01,98.79,98.36,98.49,98.51,98.6,98.33,98.73,98.26,98.72,98.82,98.46,98.46,98.62,98.76,98.7,98.18,98.58,98.24,98.37,98.18,98.86,98.37,98.37,98.7,98.43,98.31,98.58,98.33,98.76,98.56,98.32,98.56,98.4,98.76,98.21,97.98,98.29,98.44,98.75,98.69,98.48,98.7,98.3,98.76,98.58,98.66,98.49,98.05,98.5,98.47,98.44,98.48,98.38,98.26,98.36,98.33,98.38,98.57,98.27,98.34,98.53,98.11,98.64,98.46,98.62,98.89,98.59,98.19,98.41,98.19,98.55,98.53,98.32,98.07
1.33,90,-,98.43,98.1,98.57,98.27,97.82,98.11,98.39,98.6,98.25,98.8,98.67,98.24,98.34,98.37,98.45,98.35,98.27,98.31,98.72,98.47,98.39,98.34,98.43,98.36,98.27,98.29,98.43,98.64,98.51,98.67,98.64,98.54,98.69,98.53,98.64,98.53,98.39,98.42,99.06,98.56,97.74,98.44,98.5,98.53,98.37,98.77,98.69,98.13,98.46,98.47,98.36,98.67,98.61,98.15,98.37,98.74,98.67,98.49,98.26,98.35,98.34,97.96,98.41,98.45,98.17,98.14,98.09,98.27,98.6,98.43,98.57,98.51,98.76,98.32,98.58,98.6,98.27,98.44,98.79,98.94,98.28,98.12,98.6,98.27,98.45,98.5,98.55,98.42,98.79,98.63,97.94,98.73,98.06,98.63,98.49,98.63,98.4,98.17,98.45,98.4
1.5,90,-,64.05,63.67,63.29,62.59,67.4,63.22,64.76,63.91,61.84,63.22,64.19,63.91,63.25,67.61,66.26,61.04,62.42,64.37,64.46,64.12,65.22,64.93,64.99,63.86,65.38,61.05,62.01,64.22,64.46,61.11,63.99,64.1,62.63,65.13,64.12,62.61,62.87,64.58,65.19,63.42,65.18,64.03,66.1,64.52,64.11,63.61,61.89,64.22,64.48,62.37,63.8,62.59,65.18,62.34,63.93,62.76,63.97,66.13,66.91,62.58,63.69,63.06,62.19,65.27,61.94,66.07,61.88,62.79,63.17,62.9,65.45,63.85,63.23,63.64,62.44,61.68,62.58,65.79,66.35,64.84,64.13,62.7,64.37,61.34,65.86,64.91,64.4,65.09,66.46,63.2,61.21,63.32,62.8,65.03,64.31,62.05,61.19,62.89,62.46,64.42
1.67,90,-,4.87,3.47,5.15,2.67,4.5,1.62,4.48,8.13,3.81,2.69,3.24,3.42,3.21,3.55,2.25,2.55,6.72,5.33,2.37,1.53,4.5,3.73,4.16,4.54,2.91,4.8,4.12,7.21,1.53,8.59,4.43,1.7,6.27,1.55,1.3,3,5.58,3.97,4.5,4.32,2.9,4.78,1.18,1.21,5.25,5.51,2.26,8.87,4.9,5.62,8.42,7.95,1.13,6.41,7.89,2.26,0.74,4.87,4.34,4.91,5.19,3.3,2.51,5.97,7.21,5.35,3.22,3.35,4.11,2.82,1.62,6.53,1.74,4.6,5.38,4.41,4.51,6.21,4.01,2.46,6.1,2.74,1.97,5.93,3.43,2.84,1.99,0.2,4.78,4.86,6.39,7.69,4.35,0,0.82,4.78,5.69,2.17,4,3.59
2,90,-,0,0,0,0,0,0,0,0,0,0,0,0,0,0,0,0,0,0,0,0,0,0,0,0,0,0,0,0,0,0,0,0,0,0,0,0,0,0,0,0,0,0,0,0,0,0,0,0,0,0,0,0,0,0.16,0,0,0,0,0,0,0,0,0,0,0,0,0,0,0,0,0,0,0,0,0,0,0,0,0,0,0,0,0,0,0,0,0,0,0,0,0,0,0,0,0,0,0,0,0,0
1.25,95,-,98.66,98.58,98.47,98.73,98.38,98.26,98.62,98.53,98.08,98.2,98.57,98.71,98.71,98.61,98.45,98.18,98.42,98.56,98.98,98.64,98.51,98.33,98.38,98.5,98.37,98.28,98.75,98.32,98.37,98.58,98.44,98.69,98.53,98.44,98.42,98.68,98.35,98.54,98.32,98.52,98.34,98.45,98.51,98.57,98.44,98.8,98.46,98.2,98.35,98.64,98.23,98.67,98.33,98.38,98.49,98.41,98.61,98.49,98.11,98.52,98.54,98.52,98.3,98.69,98.4,98.66,98.19,98.49,98.75,98.76,98.68,98.44,98.39,98.41,98.24,99.12,98.6,98.46,98.16,98.79,98.75,98.39,98.37,98.49,98.33,98.88,98.47,98.25,98.38,98.93,98.63,98.63,98.17,98.12,98.25,98.5,98.76,98.69,98.56,98.71
1.33,95,-,98.42,98.41,98.47,98.8,98.28,98.45,98.66,98.59,98.44,98.33,98.57,98.24,98.76,98.67,98.14,98.76,98.65,98.62,98.44,98.66,98.72,98.49,98.57,98.36,98.74,98.45,98.37,98.55,98.79,98.26,98.31,98.52,98.59,98.13,98.23,98.16,98.37,98.72,98.75,98.46,98.62,98.71,98.39,98.4,98.57,98.56,98.43,98.59,98.47,98.83,98.48,99,98.25,98.67,98.68,98.73,98.63,98.85,98.47,98.49,98.58,98.04,99.02,98.49,98.39,98.16,98.65,98.67,98.45,98.5,98.36,98.41,98.66,98.74,98.7,98.78,98.58,98.32,98.48,98.77,98.59,98.36,98.65,98.58,98.42,98.67,98.75,98.69,98.22,98.79,98.49,98.76,98.2,98.57,98.6,98.62,98.66,98.86,98.22,98.72
1.5,95,-,66.51,62.22,67.29,65.29,63.49,64.02,62.94,62.9,63.93,61.99,63.07,61.6,63.07,65.31,63.85,65.82,61.65,64.83,66.05,61.17,65.4,64.85,62.66,62.48,62.39,62.09,64.76,64.23,64.74,61.52,65.12,63.46,61.6,63.5,63.11,63.49,65.18,63.7,67.7,64.01,63.07,63.1,62.86,64.07,66.14,64.3,64.53,66.52,62.3,63.65,64.82,64.02,64.81,65.01,66.62,62.9,65.4,62.99,63.07,64.41,65.47,64.52,66.15,64.38,66.18,62.6,64.64,66.29,61.76,63.19,65.26,64.36,61.83,65.45,62.95,66.62,62.13,62.54,65.37,64.05,62.13,64.55,65.5,61.1,64.74,61.88,61.82,64.43,63.96,64.55,63.89,64.06,65.01,62.41,60.88,65.25,63.94,64.98,62.49,64.53
1.67,95,-,4.92,0,6.28,3.02,5.11,3.43,2.09,6.42,3.18,4.73,8.26,1.72,3.62,6.09,2.18,2.89,2.85,2.07,4.03,0.62,0.31,8.13,5.17,2.03,7.05,3.43,1.05,3.39,3.07,8.32,1.38,4.31,4.82,2.97,4.22,0,1.65,4.83,3.73,4.65,5.94,5.09,3.7,4.41,4.26,3.64,4.61,7.1,4.97,4.5,2.34,1.74,7.07,4.22,5.28,2.17,4.08,4.16,3.03,4.42,5.29,3.21,4.86,1.03,3.23,6.19,3.25,2.2,2.69,5.72,5.16,1.78,2.41,6.47,2.26,6.22,5.78,1.38,0.42,3.81,4.6,2.09,4.29,5.94,3.65,3.99,3.94,1.78,3.34,2.91,6.22,2.93,5.68,1.04,2.37,4.22,4.29,1.79,1.6,1.77
2,95,-,0,0,0,0,0,0,0,0,0,0,0,0,0,0,0,0,0,0,0,0,0,0,0,0,0,0,0,0,0,0,0,0,0,0,0,0,0,0,0,0,0,0,0,0,0,0,0,0,0,0,0,0.16,0,0,0,0,0,0,0,0,0,0,0,0,0,0,0,0,0,0,0,0,0,0,0,0,0,0,0,0,0,0,0,0,0,0,0,0,0,0,0,0,0,0,0,0,0,0,0,0
1.4,50,-,70.29,68.92,70.55,70.99,71.18,69.9,71.39,68.53,69.66,68.51,69.39,69.36,68.77,70.22,66.9,68.13,68.32,71.15,68.02,69.74,71.07,70.61,68.64,70.6,69.99,69.23,69.92,70.4,68.71,70.63,70.23,67.62,69.02,71.57,68,69.12,67.01,71.09,69.05,68.86,67.8,70.45,70.27,67.8,69.01,72.75,68.53,67.76,71.23,72.4,69.69,72.07,68.35,68.78,70.91,68.43,69.02,68.04,70.76,69.81,69.15,66.92,71.63,69.93,70.29,67.78,70.59,67.53,68.86,70.51,68.6,71.79,68.72,69.04,69.29,71.5,69.74,68.55,68.58,67.15,73.28,68.86,68.68,68.29,69.06,70.13,69.8,71.54,69.3,68.03,68.36,66.69,72.04,67.87,71.67,71.12,69.8,67.2,68.78,66.88
1.6,50,-,36.01,33.39,36.45,36.75,36.93,37.53,33.86,34.87,36.76,36.09,37.02,34.96,35.97,38.75,35.8,37.6,35.93,36.6,36.43,38.85,34.52,38.04,36.39,33.67,39.85,37.45,36.89,38.78,37.56,35.45,36.03,41.18,38.66,36.92,32.04,36.43,39.94,34.9,33.71,36.64,33.11,36.5,37.36,37.94,37.47,37.04,36.58,34.53,33.15,36.66,36.49,36,34.8,36.42,33.52,35.84,35.08,34.78,38.29,37.32,31.39,37.1,37.76,35.48,33.82,37.36,36.75,34.53,39.85,36.53,37.26,38.15,34.47,38.33,37.54,34.25,37.14,38.81,34.85,33.96,36.32,37.07,35.26,35.32,36.44,36.42,34.15,36.14,37.85,35.27,34.7,36.91,36.46,35.82,40.09,36.55,36.58,37.13,37.65,38.74
1.7,50,-,3.59,4.83,7.29,1.67,4.33,2.22,2.93,1.75,2.38,3.8,2.52,2.91,0.9,2.48,2.95,0,1.94,2.3,1.45,3.23,1.12,5.48,1.62,0.8,2.35,0.62,0.83,0.57,5.31,4.22,4.34,5.03,0.45,2.15,3.81,3.52,2.31,2.19,0.89,3.26,2.39,1.76,0.96,2.42,1.92,0.6,2.09,0,0.86,0.68,2.08,0.99,2.17,5.78,0.9,2.74,1.18,4.31,1.19,0.51,2.73,1.06,6.67,3.76,3.43,6.77,1.54,0.78,3.94,1.68,1.71,0,2.55,3.73,2.26,5.63,0.75,1.35,0,0,2.8,4.15,1.92,2.84,0.93,0.48,3.48,1.52,1.7,1.7,0.35,1.18,2.99,0,3.61,3.05,0.93,2.6,3.4,2.27
1.75,50,-,0,0,0,0.89,0,0,0.16,0,0,0.2,0,1.28,0,0,0,0,0.79,0.01,0,0,0.16,0,0,0,0.46,0,0.72,0,0.16,0,1.59,0.21,1.46,0,0,0.54,0,0,1.25,0,0,0,0,1.55,0,0,0,0,0,0,0,0,0,0,0,0.35,0,0.16,0,0,0,0,0,0,0,0,0,0,0.16,0,0,1.4,0,0,0,0,0,0,0,0,0,0,0,0,0,0,0,0,0,0,0,0,1.17,0.2,0,0,0,0,0,0
1.8,50,-,0,0,0,0,0,0,0,0,0,0.92,0,0,0,0,0,0,0,0,0,0,0,0,0,0,0,0,0.48,0,0,0,0,0,0,0,0,0,0,0,0,0,0,0,0,0,0,0,0,0,0,0,0,0,0,0,0,0,0,0,0,0,0,0,0,0,0,0,0,0,0,0,0,0,0.75,0,0,0,0,0,0,0,0,0,0,0,0,0,0,0,0,0,0,0,0,0,0,0,0,0,0,0
1.85,50,-,0,0,0,0,0.75,0,0,0,0,0,0,0,0,0,0,0,0,0,0,0,0,0,0,0,0,0,0,0,0,0,0,0,0,0,0,0,0,0,0,0,0,0,0,0,0,0,0,0,0,0,0,0,0,0,0,0,0,0,0,0,0,0,0,0,0,0,0,0,0,0,0,0,0,0,0,0,0,0,0,0,0,0,0,0,0,0,0,0,0,0.93,0,0,0,0,0,0,0,0,0,0
1.9,50,-,0,0,0,0,0,0,0,0,0,0,0,0,0,0,0,0,0,0,0,0,0,0,0,0,0,0,0,0,0,0.2,0,0,0,0,0,0,0,0,0,0,0,0,0,0,0,0,0,0,0,0,0,0,0,0,0,0,0,0,0,0,0,0,0,0,0,0,0.5,0,0,0,0,0,0,0,0,0,0,0,0,0,0.44,0,0.73,0,0,0,0,0,0,0,0,0,0,0.16,0,0,0,0,0.5,0.58
1.95,50,-,0,0,0,0.63,0,0,0,0,0,0,0,0,0,0.3,0,0,0,0,0,0,0,0.51,0,0,0,0,0,0,0,0,0,0,0,0,0.2,0,0,0,0,0,0,0,1.1,0,0,0,0,0,0,0,0,0,0,0,0,0,0,0,0,0,0.35,0,0,0,0,0,0,0,0,0,0,0,0,0,0,0,0,0,0,0,0,0,0,0,0,0,0,0,0,0,0,0.27,0,0,0,0,0,0,0,0
2,50,-,0,0,0,0,0,0,0,0,0,0,0,0,0,0,0,0,0,0,0,0,0,0,0,0,0,0,0,0,0,0,0,0,0,0,0,0,0,0,0,0,0,0,0,0,0,0,0,0,0,0,0,0,0,0,0,0,0,0,0,0,0,0,0,0,0,0,0,0,0,0,0,0,0,0,0,0,0,0,0,0,0,0,0,0,0,0,0,0,0,0,0,0,0,0,0,0,0,0,0,0
1.35,50,-,73.78,72.35,72.52,76.76,71.37,72.05,75.51,76.47,73.73,72.07,72.96,74.98,74.81,74.81,76.34,77.86,71.81,73.26,75.17,73.68,74.84,74.33,74.91,75.22,75.48,71.64,74.8,73.75,76.35,73.67,72.91,75.72,71.17,76.3,74.7,75.47,75.63,73.56,76.03,74.26,73.91,74.35,75.56,74.06,73.12,74.3,74.5,73.37,72.77,73.96,74.87,72.15,73.84,73.7,74.57,74.28,74,74.77,76.75,75.34,74.12,73.93,75.63,73.99,76.81,75.68,73.71,72.76,75.44,73.88,73.19,74.27,76.37,73.98,75.16,73.47,72.49,76.87,71.19,72.99,74.02,73.93,75.2,74.46,74.03,74.52,74.52,75.38,72.27,71.65,71.33,72.43,76.91,74.11,75.93,75.49,71.38,73.53,73.38,72.39
1.525,50,-,61.02,60.33,63.22,61.03,59.62,63.67,63.21,60.45,60.38,59.01,61.07,62.55,64.34,61.54,58.83,61.38,60.45,63.15,61.08,61.26,60.74,62.51,59.55,61.06,61.56,62.17,58.91,61.23,58.75,64.55,62.13,62.76,62.99,63.56,62.5,61.77,62.71,62.87,60.99,61.21,60,64.23,62.94,61.73,60.66,62.46,61.94,62,61.38,63.71,62.58,59.99,61.71,61.92,62.78,61.17,60.56,60.17,61.4,61.06,63.57,62.54,64.86,61.02,63.12,63.15,62.62,60.46,61.92,61.06,61.66,61.7,61.34,61.57,63.55,64.25,60.99,61.19,62.87,59.67,60.17,61.1,65.13,59.16,63.88,60.9,64.25,60.95,60.89,63.93,64.75,64.08,61.75,61.54,65.25,59.05,61.43,62.09,62.76,60.72
1.55,50,-,62.06,60.75,63.85,61.54,57.71,61.09,61.18,60.34,62.86,63.89,60.71,64.08,59.85,60.72,58.79,63.01,63.78,61.07,59.95,64.12,63.59,61.46,60.27,61,60.74,62.29,62.55,65.94,63.36,59.22,60.12,61.39,64.08,61.2,62.28,62.26,62.97,61.41,61.06,61.19,60.07,61.74,62.41,61.89,61.28,64.37,59.75,63.82,61.01,61.97,61.28,62.34,62.82,61.29,64.32,60.96,63.67,58.96,64.33,61.94,62.13,61.86,65.08,63.55,62.8,66.75,62.18,63.21,63.6,61.1,60.9,61.8,60.71,61.92,61.14,62.67,61.59,61.9,61.15,60.62,58.99,62.56,62,61.35,61.55,62.65,62.67,60.88,63.36,60.34,61.67,61.04,60.97,62.42,61.86,60.81,62.44,62.33,61.6,62.08
1.575,50,-,61.24,63.41,63.79,62.31,63.94,62.16,61.73,58.96,61.08,61.33,61.66,62.33,62.73,62.48,61.18,62.41,62.39,63.41,62.76,60.11,59.88,63.73,61.12,63.78,64.01,60.89,58.36,59.92,61.45,62.36,61.42,59.67,62.32,61.72,62.49,61.78,62.48,63.03,62.33,61.61,61.43,61.78,63.11,61.96,61.24,61.82,61.82,61.44,60.14,62.48,63,62.96,61.23,62.65,63.97,60.64,62.79,61.12,60.77,65.09,63.72,64.87,61.31,61.31,63.01,60.73,60.72,66.36,63.96,63,64.6,63,58.91,59.5,59.3,64.28,63.14,59.46,61.75,62.85,63.22,62.93,62.3,62.06,61.85,59.79,62.34,61.72,60.68,60.02,60.78,62.94,59.45,63.28,64.45,61.46,63.37,64.56,62.19,60.97
1.625,50,-,26.72,27.27,26.84,27.33,25.48,29.67,28.12,24.49,28.07,30.46,28.08,27.04,24.85,24.31,25.33,26.32,27.62,26.81,28.36,28.13,27.17,26.72,28.21,26.22,28.51,28.22,29.41,25.18,25.1,26.07,29.35,29.02,28.89,26.79,27.31,29.82,29.48,30.85,26.52,26.6,25.1,29.49,28.95,27.85,30.3,27.25,27.19,27.86,23.13,29.43,29.97,27.85,29.2,26.65,28.62,26.42,28.47,27.27,25.11,28.55,23.56,28.81,27.54,24.81,24.2,28.63,28.63,24.85,29.02,26,26.08,26.26,27.69,30.79,24.36,27.93,25.42,26.34,25.68,29.75,26.95,24.91,28.45,28.29,29.06,24.96,27.46,29.7,26.61,23.63,27.2,26.52,27.82,28.47,29.6,29.91,25.82,28.85,27.84,29.14
1.65,50,-,31.76,28.5,28.31,26.13,27.28,24.87,28.31,26.99,24.9,27.78,25.12,29.32,27.86,28.21,27.18,27.97,26.21,27.26,28.56,26.79,28.73,29.59,26.12,28.76,27.48,28.59,25.79,30.81,27.76,28.68,28.45,26.66,29.17,30.26,29.26,29.28,27.52,24.89,25.34,30.37,26.53,28.21,27.73,27.99,25.22,27.4,25.29,29.01,30.19,27.54,27.84,28.01,28.8,28.36,28.44,27.41,25.62,28.88,27.72,28.01,24.91,32.17,25.83,27.82,23.54,29.35,28.47,27.06,26.16,26.64,28.27,33.54,29.5,28.11,25.68,26.52,29.67,27,28.25,28.2,27.68,25.5,24.58,26.96,27.03,26.34,26.66,26.85,27.9,29.43,26.99,26.77,25.93,28.03,28.54,26.23,27.72,25.83,25.71,23.36
1.675,50,-,0.59,0,1.88,2.57,2.46,1.43,2.65,1.14,2.4,2.37,1.83,0,0.72,1.8,1.77,5.1,3.16,5.56,0.52,2.57,5.58,2.21,1.33,1.92,1.11,2.82,2.08,3.23,1.1,0.31,0.16,0,3.52,3.85,2.16,1.79,2.46,2.46,3.19,6.19,6.37,0,2.34,4.94,1.93,2.58,0,0,3.29,1.49,2.36,7.77,2.63,1.02,1.12,6.75,3.41,0.52,4.68,1.45,3.25,3.62,0.47,1.28,0,0,4.12,4.12,0.17,6.16,1.83,1.63,5.75,1.77,5.03,1.81,1.31,4.22,0.95,1.88,3.11,0,3.43,1.16,2.98,0,2.67,0.75,0,3.99,1.24,3.58,0.79,3.37,0,5.67,1.63,3.02,0.99,0
1.3,50,-,98.63,98.07,98.75,98.45,98.38,98.46,98.43,98.6,98.41,98.51,98.49,98.37,98.48,98.49,98.37,98.26,98.39,98.47,98.53,98.57,98.33,98.33,98.24,98.34,98.22,98.4,98.57,98.61,97.98,98.39,98.31,98.6,98.3,98.42,98.76,99.04,98.75,98.83,98.54,98.61,98.8,98.83,98.86,98.39,98.58,98.58,97.71,98.14,98.53,98.37,98.67,98.18,98.96,98.38,98.2,98.28,98.18,98.7,98.02,98.49,98.21,98.85,98.91,98.39,98.55,98.76,98.22,98.43,98.26,98.3,98.39,98.36,98.11,98.03,98.52,98.65,98.38,98.38,98.66,98.26,98.46,99.02,98.4,98.92,98.62,98.38,98.64,98.42,98.55,98.65,98.7,98.2,98.87,98.16,98.85,98.08,98.71,98.26,98.33,98.54
1.325,50,-,98.38,98.46,98.66,98.57,98.6,98.81,98.25,98.62,98.42,98.13,98.61,98.59,98.94,98.41,98.46,98.39,98.92,98.45,98.77,98.59,98.3,98.32,98.19,98.44,99.06,98.41,98.48,98.77,98.39,98.48,98.03,98.35,98.76,98.4,98.67,98.2,98.61,98.66,98.3,98.45,98.23,98.88,98.73,98.04,98.46,98.72,98.24,98.27,98.46,98.71,98.53,98.45,98.76,98.6,98.61,98.68,98.28,98.25,98.39,98.2,98.19,98.45,98.49,98.23,98.61,98.82,98.4,98.47,98.54,98.52,98.45,97.92,97.99,98.94,98.77,98.94,98.97,98.34,98.66,98.99,98.65,98.35,98.21,98.61,98.31,98.75,98.27,98.29,98.44,98.07,98.53,98.34,98.57,98.66,98.76,98.2,98.5,98.43,98.51,98.44
1.35,50,-,74.61,72.28,75.39,73.76,74.96,71.94,72.26,74.86,74.46,73.94,74.45,72.92,74.35,75.75,73.5,72.48,72.45,73.54,75.4,73.69,74.72,74.68,76.03,73.67,76.36,73.0,72.33,74.36,74.56,74.43,76.01,74.95,72.4,73.09,73.06,72.91,74.48,73.11,75.5,76.02,73.59,76.55,74.39,75.08,75.06,72.98,74.6,73.52,77.04,72.31,76.53,74.36,76.63,73.67,72.29,75.87,74.17,74.46,74.41,73.8,73.91,73.94,73.86,74.9,73.68,75.5,74.24,71.94,76.55,73.58,77.74,71.05,73.22,74.74,76.15,74.11,71.23,73.4,73.14,74.1,74.06,72.3,77.02,73.39,75.66,74.85,74.35,73.74,74.88,73.76,77.32,74.34,72.01,75.56,72.41,74.88,75.89,74.98,73.67,76.87
1.375,50,-,73.05,76.89,75.86,75.68,73.42,75.75,74.83,74.38,75.58,75.0,75.41,73.7,75.28,74.56,76.22,71.47,75.32,75.62,74.21,73.69,75.74,75.93,75.25,79.12,73.45,73.01,71.65,75.01,73.85,74.64,75.31,75.37,76.59,75.79,74.29,76.44,71.78,75.92,73.32,73.84,74.03,76.37,76.61,73.42,75.57,75.37,76.47,76.46,75.81,76.07,73.55,72.62,75.9,72.93,75.12,75.04,73.5,74.09,75.74,74.5,77.72,75.01,73.58,73.72,76.26,75.93,71.89,75.87,73.64,72.21,75.68,75.76,75.13,76.83,72.28,72.42,72.05,73.65,75.37,74.88,73.38,73.96,76.11,74.92,74.13,73.51,74.06,73.77,73.45,74.19,70.9,74.84,77.77,72.43,74.48,72.81,74.53,73.81,73.49,74.88
1.425,50,-,64.7,66.9,67.75,66.09,66.26,67.57,66.53,69.29,69.04,65.91,66.51,67.16,63.73,66.46,67.38,69.15,66.64,65.49,66.37,68.41,63.03,65.08,67.03,68.58,67.59,65.78,67.29,65.18,66.09,66.58,67.52,68.46,65.81,66.24,67.81,63.94,69.73,64.94,67.4,65.97,66.17,67.55,67.8,67.51,65.53,69.0,64.54,64.3,67.98,63.98,64.59,67.35,67.03,67.47,64.99,66.34,66.62,66.5,66.48,66.86,68.74,68.08,67.96,67.35,68.49,65.34,69.39,67.0,64.58,67.7,69.03,64.65,66.42,67.48,67.31,67.09,64.64,67.84,67.25,65.74,67.71,67.91,65.84,68.19,68.81,66.54,65.9,67.01,64.77,64.11,66.3,67.93,64.98,66.69,65.35,64.88,68.94,65.76,68.06,68.28
1.45,50,-,68.53,65.84,70.51,66.55,63.99,67.36,66.15,68.87,64.58,63.83,65.02,65.47,68.7,66.88,66.31,64.92,66.24,67.26,68.99,66.41,67.02,65.66,64.63,66.08,66.37,64.46,67.91,64.37,64.0,66.82,67.09,67.38,65.54,66.65,68.73,64.76,66.75,66.16,67.63,66.03,64.65,64.79,66.03,64.36,65.68,65.88,63.63,68.86,67.22,65.21,62.83,67.31,66.15,65.98,68.08,66.56,66.74,67.08,64.57,63.4,67.37,67.1,65.08,67.41,66.29,67.44,67.35,65.4,65.92,65.73,69.22,67.91,67.44,64.69,66.38,68.75,65.69,67.19,66.57,64.88,67.67,69.27,66.81,66.2,65.81,67.2,67.58,68.14,69.21,68.29,65.69,66.77,67.46,65.18,66.76,67.01,65.21,68.43,65.78,68.49
1.475,50,-,66.09,66.97,66.69,68.64,67.65,65.92,67.0,65.02,63.52,64.95,68.15,66.42,65.95,65.59,63.41,63.25,67.16,66.88,62.98,66.65,67.34,68.24,64.23,67.69,65.39,67.45,66.75,65.63,64.51,66.86,64.43,66.78,67.4,66.41,67.63,67.52,68.39,66.7,66.44,65.75,66.43,66.44,67.06,63.56,64.88,69.36,66.46,70.1,62.36,65.2,67.52,64.15,66.52,67.45,68.36,65.17,66.5,67.02,64.77,68.56,67.05,68.48,66.93,66.68,66.56,64.46,68.04,66.07,68.14,65.43,68.5,66.11,63.11,66.84,66.79,66.2,65.96,67.0,64.58,69.46,66.95,65.43,64.62,65.28,67.02,65.26,64.89,66.19,67.42,65.24,65.4,66.63,66.8,66.32,66.53,64.79,66.59,66.48,66.67,67.93
1.58,50,-,61.27,59.06,64.13,62.33,61.79,64.78,61.67,64.44,58.55,59.68,61.55,60.19,63.54,61.73,59.87,61.24,60.73,62.91,59.03,60.62,61.44,59.88,63.34,60.16,62.68,63.6,63.43,60.89,61.12,61.78,58.82,60.26,60.69,62.05,63.64,64.73,60.57,63.77,61.21,63.44,61.81,64.03,61.61,63.26,59.15,62.74,64.6,61.26,62.95,63.06,62.13,60.16,61.79,60.92,62.58,62.05,61.99,62.45,61.04,60.06,59.04,61.04,59.77,61.99,59.64,62.0,61.01,61.68,61.58,62.39,63.45,63.59,61.82,64.21,62.57,61.38,59.77,63.46,62.87,63.21,61.88,58.95,62.03,62.46,62.48,64.1,62.44,62.36,62.94,63.29,58.87,61.44,60.37,62.92,64.85,63.93,62.84,60.85,62.58,63.29
1.585,50,-,59.98,62.54,64.4,64.66,63.07,61.57,60.05,63.22,60.61,65.07,60.87,64.7,62.75,59.57,63.46,62.04,62.81,60.98,62.44,61.26,61.93,64.49,59.73,60.28,61.95,60.87,59.34,62.13,63.08,60.6,63.01,58.77,58.65,61.84,61.96,59.56,63.37,59.92,62.99,59.12,59.46,61.97,63.19,60.71,65.87,60.76,60.31,61.11,62.81,60.72,62.94,62.31,63.43,59.54,60.1,59.93,62.49,59.75,61.31,60.41,63.04,62.27,61.83,63.0,61.4,62.91,64.55,64.12,57.92,65.69,63.64,61.42,63.31,62.76,60.73,61.95,62.98,60.57,61.29,61.19,63.43,60.8,61.45,61.1,61.89,61.26,63.3,61.23,64.27,60.82,61.46,62.05,60.09,62.76,61.0,60.97,66.73,61.18,60.79,60.68
1.59,50,-,62.87,62.18,64.09,62.73,59.91,62.79,60.32,62.84,63.3,60.46,62.21,61.11,64.17,59.99,62.06,65.04,61.75,60.91,63.4,64.71,62.15,61.78,61.92,60.74,59.83,62.77,59.95,60.68,64.06,62.48,63.51,62.79,61.82,63.32,64.58,62.53,60.25,60.83,60.65,62.47,63.56,63.16,59.84,62.59,60.0,61.74,61.85,60.15,59.32,64.58,61.72,61.3,59.93,63.44,60.61,59.8,61.86,60.0,63.24,61.34,60.93,60.55,62.0,64.25,62.84,61.24,60.51,61.56,63.08,58.85,62.33,61.21,60.5,61.5,61.26,60.7,62.78,62.06,61.87,61.39,60.43,63.08,62.15,62.37,63.26,61.11,61.81,62.28,63.67,59.79,64.38,63.96,62.36,59.85,63.41,59.75,62.47,60.31,62.49,60.5
1.595,50,-,59.18,63.19,59.72,61.36,62.06,62.72,61.09,60.83,62.35,63.02,60.39,60.92,62.35,61.18,61.61,61.2,63.23,58.96,58.68,62.63,62.52,64.89,63.84,62.81,59.11,63.1,61.97,60.79,62.2,60.7,62.13,61.29,63.35,63.95,59.8,61.95,63.25,62.99,64.17,64.44,60.5,62.88,63.73,60.49,61.46,62.94,62.8,59.63,60.08,63.69,62.64,65.6,61.47,61.75,61.93,62.31,62.14,58.32,63.04,62.61,60.73,59.64,60.36,61.74,59.53,62.46,59.16,61.77,61.31,63.33,63.66,62.17,62.83,59.32,62.21,62.82,62.49,62.52,63.33,61.13,59.2,62.69,60.61,61.51,60.66,61.26,62.41,62.49,62.61,59.56,62.69,61.06,60.95,62.93,62.74,60.25,60.56,62.91,59.79,60.28
1.605,50,-,27.86,29.25,28.27,27.5,26.46,26.91,26.43,28.46,27.35,28.02,29.4,27.83,28.63,28.21,28.61,28.81,24.02,29.82,26.69,26.57,29.38,27.32,31.12,31.25,26.5,32.12,27.52,28.66,27.05,28.89,28.64,28.86,30.33,27.07,27.65,31.13,27.21,28.26,30.73,25.11,27.08,24.25,29.49,28.64,26.39,24.43,28.29,27.93,27.83,28.35,30.73,28.08,25.13,26.57,29.51,25.08,29.59,25.17,28.97,28.24,26.08,24.79,24.5,30.51,25.58,27.76,27.43,28.51,30.28,26.59,29.59,28.24,26.87,26.03,26.15,26.47,29.54,31.54,25.42,25.5,30.9,28.91,28.94,29.48,29.85,26.04,28.77,28.56,30.4,26.12,28.85,27.78,27.23,25.54,27.39,29.34,27.21,25.45,27.47,27.11
1.61,50,-,25.93,27.75,28.59,25.37,30.02,28.38,28.6,27.62,28.04,29.08,27.41,28.6,29.58,27.85,25.1,26.92,27.0,27.76,28.76,26.62,29.05,29.85,25.57,26.59,25.35,29.51,30.17,24.61,25.64,26.45,27.99,27.03,27.65,31.59,28.1,25.29,27.96,25.08,28.74,27.46,25.52,27.0,27.9,26.7,28.1,27.33,24.48,26.89,28.09,27.12,24.06,23.74,28.23,27.72,24.59,27.68,24.61,27.39,27.08,23.72,28.63,29.34,27.66,27.53,27.0,26.73,24.84,27.12,29.99,27.11,28.83,25.11,27.86,31.61,30.93,25.62,27.97,29.25,27.53,27.76,26.57,26.8,27.24,27.98,23.59,28.9,25.9,27.58,23.71,28.33,26.72,29.41,27.84,26.92,24.91,28.86,27.11,27.98,28.45,28.24
1.615,50,-,26.27,25.87,27.3,25.77,26.3,29.25,28.95,25.92,28.55,27.39,25.3,29.62,25.72,31.25,27.71,26.49,28.52,30.62,25.65,29.47,26.52,29.47,27.08,23.46,27.9,28.73,30.68,26.99,24.1,28.07,26.46,29.03,25.75,28.2,27.61,28.11,27.01,28.02,25.94,28.42,29.06,29.37,25.98,27.59,28.96,25.67,28.08,27.7,24.72,29.34,26.31,27.99,26.16,26.22,28.72,28.44,31.09,27.11,25.44,23.63,26.72,28.43,25.07,29.87,23.42,23.65,29.92,27.07,28.64,28.42,28.84,27.11,28.45,29.89,29.27,30.84,28.84,29.86,29.12,25.79,31.09,25.43,26.05,30.33,29.91,26.51,30.16,23.78,26.56,27.17,30.25,28.65,31.39,27.05,25.01,27.85,26.34,26.13,27.36,26.45
1.62,50,-,27.11,30.18,27.1,26.94,25.32,25.94,30.34,26.51,25.6,26.77,29.66,30.55,29.8,26.62,32.26,27.43,29.1,26.02,28.94,28.74,26.04,27.98,31.13,25.06,27.11,27.72,28.32,25.57,24.77,28.93,26.64,28.63,26.73,28.22,26.99,28.95,32.27,29.82,29.03,26.37,26.76,31.17,29.76,26.81,26.6,28.96,24.77,31.34,27.19,28.85,27.85,27.72,28.52,24.44,27.65,28.18,25.63,28.54,31.21,28.7,25.42,25.34,27.11,29.8,27.0,28.4,27.75,29.16,28.54,26.89,27.05,27.68,24.08,30.15,28.61,28.08,27.48,26.24,25.72,30.54,24.37,24.6,29.44,27.62,27.01,26.26,29.11,26.5,26.55,30.39,27.17,29.06,28.89,26.82,26.66,29.63,27.96,28.97,28.0,28.44
1.6525,50,-,26.22,27.53,30.12,26.29,24.52,26.21,25.89,29.21,26.85,26.97,24.31,27.76,29.13,29.62,26.46,28.28,27.66,27.6,23.53,26.1,26.69,26.66,25.9,28.87,30.0,27.31,29.7,28.18,25.82,28.56,28.9,28.89,26.18,25.75,27.55,27.88,29.08,26.71,25.6,29.09,29.59,28.47,30.37,25.8,28.77,27.43,28.44,28.06,26.64,25.94,29.0,28.8,26.63,25.19,29.72,30.77,32.35,29.64,27.88,28.69,25.36,24.34,27.32,30.0,25.63,29.02,28.03,26.61,28.99,28.35,24.73,32.56,27.23,28.88,28.09,30.45,27.92,28.48,28.53,27.64,25.86,26.22,29.39,25.85,27.74,26.91,26.2,27.14,27.08,24.25,30.97,25.02,27.32,27.41,26.51,28.11,26.45,30.91,29.63,27.36
1.655,50,-,27.48,24.58,29.64,27.35,28.92,27.26,25.32,27.48,25.51,26.05,26.69,27.73,27.85,30.02,29.18,26.49,27.66,31.13,31.15,23.27,29.17,27.38,29.29,25.86,28.36,30.35,28.24,27.37,30.59,26.58,27.4,25.09,23.19,25.48,23.67,26.56,26.37,26.62,26.32,25.68,24.21,25.59,28.1,28.1,28.9,23.86,28.35,26.79,27.16,24.39,24.87,30.61,26.23,29.63,26.0,26.39,28.83,25.89,24.03,26.27,27.51,23.63,26.13,28.82,28.61,29.03,29.72,28.28,26.23,26.78,28.45,27.16,26.43,25.39,26.42,27.05,29.22,30.48,27.63,26.32,28.04,28.38,26.61,23.6,28.11,29.59,26.41,29.03,29.31,24.04,26.57,26.68,27.37,29.11,24.18,28.6,26.72,31.47,28.3,25.08
1.6575,50,-,26.07,26.34,30.9,30.18,28.02,30.96,29.38,27.6,27.59,28.38,25.94,26.54,28.92,27.26,29.84,27.27,27.28,27.43,26.92,30.98,25.49,28.64,25.56,28.87,28.2,28.26,30.34,28.95,25.5,28.51,29.49,28.17,27.3,28.25,26.21,28.15,30.04,26.87,24.91,26.54,25.78,26.27,29.51,28.04,25.42,29.82,27.84,27.5,25.71,26.35,29.16,29.68,32.2,24.89,29.37,27.88,27.57,26.04,29.17,28.05,28.75,24.64,23.57,28.57,27.76,26.93,26.88,26.64,25.94,27.64,25.9,26.72,28.92,26.06,29.1,28.35,28.07,25.4,27.3,29.44,25.14,27.22,23.23,28.58,28.49,26.81,27.45,27.16,28.88,27.19,26.37,24.91,23.75,26.29,27.98,29.02,28.11,22.34,30.03,24.14
1.66,50,-,28.17,24.63,27.56,30.42,24.49,28.25,24.75,27.0,27.09,31.76,26.06,28.4,28.68,28.75,28.13,28.64,26.49,27.61,29.38,28.55,27.93,27.0,26.83,27.8,25.06,26.33,30.94,25.94,29.48,25.87,27.25,25.25,30.1,27.31,26.44,25.57,27.62,27.29,31.13,23.2,30.3,30.08,29.29,29.99,30.42,29.29,26.82,27.1,26.26,28.12,25.92,28.92,27.97,28.18,25.99,26.41,27.85,28.6,28.15,25.29,27.97,27.92,28.23,27.87,26.25,31.14,27.68,26.29,25.53,31.23,27.57,26.34,33.0,27.04,32.71,25.27,30.08,26.12,24.74,24.54,27.09,23.8,27.96,27.23,26.44,28.29,29.02,28.36,27.17,28.39,28.77,26.46,27.75,29.07,27.8,27.9,28.56,28.76,28.77,26.62
1.6625,50,-,26.6,26.85,26.16,30.07,27.63,29.54,27.17,27.04,27.48,25.27,31.13,31.16,29.22,28.92,27.82,26.95,29.03,28.52,24.52,29.77,29.21,25.05,29.2,26.73,24.52,29.49,30.22,26.45,27.89,30.69,28.47,30.09,26.62,30.07,26.6,25.08,30.07,27.94,26.39,28.21,25.77,23.37,30.01,27.03,27.19,28.08,27.44,28.69,30.01,27.12,22.0,29.73,27.56,29.12,28.9,29.41,26.11,29.95,29.41,27.59,27.79,27.39,27.3,28.01,27.52,24.11,25.74,28.62,27.39,28.6,27.35,25.98,28.03,27.87,25.03,25.13,28.86,30.6,28.21,27.37,25.45,28.33,29.25,29.95,25.26,24.99,29.05,26.73,27.45,30.23,31.57,28.54,28.27,26.37,28.14,25.94,27.48,29.07,29.17,27.85
1.665,50,-,28.22,27.64,26.82,27.03,29.94,26.27,26.51,27.64,27.74,28.85,26.33,30.26,25.78,25.32,25.4,24.78,23.1,26.67,26.4,28.07,26.62,28.52,28.73,28.08,29.07,28.64,25.65,27.96,29.79,27.29,27.13,30.34,28.36,29.03,28.45,29.84,27.95,25.55,28.09,24.14,29.78,23.64,26.14,27.23,25.94,27.76,27.69,28.52,26.14,27.26,27.43,26.43,30.38,25.11,27.84,27.7,27.51,29.1,26.62,26.04,27.26,27.53,28.53,26.92,27.72,28.78,30.02,28.56,31.39,27.64,29.04,27.27,24.62,29.04,26.62,26.91,29.04,26.44,25.64,30.04,28.72,28.32,29.69,26.97,27.45,27.56,30.53,29.96,25.85,27.52,31.7,29.77,27.04,28.17,26.2,26.62,27.98,28.24,30.28,31.86
1.6675,50,-,2.01,2.12,2.89,4.25,5.38,5.11,2.19,2.93,0.0,2.87,4.39,4.67,2.34,3.85,6.41,0.0,5.63,1.84,7.61,0.74,2.49,1.93,1.93,3.12,0.91,1.49,1.07,2.16,0.61,1.45,3.97,2.73,3.98,0.52,1.17,6.35,1.64,0.0,2.67,1.05,2.54,3.09,0.78,2.96,0.16,3.76,3.16,2.54,1.91,2.24,1.06,2.8,3.03,0.0,2.03,5.95,1.35,3.09,2.15,4.53,5.18,0.17,4.11,1.35,2.69,4.52,2.14,5.14,2.37,3.5,3.54,6.49,4.1,2.55,1.69,2.19,2.22,1.11,3.72,0.64,0.67,2.19,1.78,3.29,1.42,2.25,4.25,4.37,5.6,3.99,6.72,0.93,3.23,1.67,2.02,1.19,1.37,2.4,0.0,1.12
1.725,50,-,1.65,2.21,4.45,4.2,4.25,0.76,0.0,2.56,6.87,0.0,1.53,4.94,1.72,0.46,1.06,3.4,2.51,0.93,2.59,2.01,2.08,3.8,4.23,2.44,0.48,1.15,0.4,1.96,1.33,4.2,0.81,1.0,4.17,0.0,4.4,0.24,0.0,4.05,0.0,3.2,1.67,2.41,3.67,2.38,2.26,0.71,4.9,1.98,2.36,0.33,5.46,5.56,1.88,0.0,0.0,3.78,3.12,0.95,6.03,0.69,0.34,3.26,0.95,0.9,4.82,2.37,5.22,1.35,0.0,0.0,9.77,2.21,2.21,3.19,0.1,0.09,5.16,1.63,0.65,2.53,0.0,1.97,2.47,2.26,0.0,0.43,2.24,0.85,1.12,4.14,4.1,1.75,1.68,0.91,0.0,0.0,2.71,2.02,1.73,0.0
1.3325,50,-,98.6,98.06,98.49,99.04,98.4,98.55,98.52,98.39,98.34,98.43,98.84,98.86,98.73,98.66,98.33,98.29,98.79,98.36,98.27,98.64,98.35,98.91,98.35,98.62,98.5,98.45,98.56,98.49,98.53,98.33,98.42,98.27,98.36,98.51,98.58,98.48,98.21,98.53,98.28,98.51,98.43,98.58,98.87,98.39,98.61,98.29,98.43,98.39,98.82,98.69,98.47,98.71,98.54,98.54,98.48,98.52,97.69,98.51,98.62,98.75,98.59,98.72,98.0,98.37,98.47,98.47,98.69,98.41,98.42,98.29,98.6,98.95,98.86,98.56,98.82,98.63,98.39,98.35,98.36,98.59,98.45,98.55,98.7,98.72,98.48,98.69,98.58,98.35,98.63,98.27,98.61,98.64,98.34,98.33,98.51,98.49,98.57,98.54,98.52,98.43
1.335,50,-,74.93,74.38,72.74,76.05,74.38,72.75,76.26,75.83,75.32,75.02,75.96,74.69,73.66,74.13,76.56,76.07,71.53,73.75,72.77,75.22,75.37,76.88,74.81,73.57,73.64,75.32,76.91,73.83,74.98,75.69,73.23,72.67,74.74,78.42,71.0,76.37,73.17,74.29,72.7,71.8,72.73,75.59,74.51,74.43,75.07,73.99,76.24,72.66,74.69,74.72,72.96,71.6,76.17,73.99,74.21,76.21,76.25,75.56,75.11,77.4,75.53,75.1,74.33,72.7,73.29,75.36,75.5,76.37,73.05,74.11,73.92,73.66,74.03,76.29,74.72,72.23,76.71,73.25,74.88,76.55,74.47,75.47,76.13,76.37,71.55,74.94,72.35,74.69,73.28,76.59,77.45,73.46,76.88,74.58,74.07,75.43,74.37,74.35,71.97,73.43
1.3375,50,-,73.31,74.63,76.58,75.34,74.71,73.2,72.99,72.01,73.38,75.06,75.71,76.57,75.11,72.32,73.61,74.43,72.75,74.13,75.3,75.39,74.57,72.59,74.27,74.71,72.82,75.44,72.16,75.92,75.8,71.8,73.93,72.91,75.92,74.18,72.18,74.88,73.45,73.04,75.35,74.35,76.2,74.62,72.56,74.14,75.72,73.74,76.86,72.68,73.33,74.59,72.67,77.04,77.62,73.6,73.86,75.78,75.12,74.25,74.09,74.57,73.53,76.17,72.12,73.25,76.14,72.49,74.47,71.7,75.68,72.14,71.49,74.66,75.24,77.34,74.62,74.01,74.01,72.41,71.99,73.36,74.87,75.85,74.16,76.47,73.79,76.14,75.91,74.81,74.72,72.53,75.36,75.48,75.07,75.81,74.81,72.97,71.85,73.93,74.54,76.42
1.34,50,-,73.02,73.62,74.1,73.52,74.42,71.69,73.93,74.77,76.4,74.41,75.38,72.77,75.8,73.65,76.15,72.39,77.0,74.01,75.17,73.16,73.36,73.18,72.54,75.19,72.76,75.83,73.4,75.49,76.0,73.24,72.71,75.45,74.92,75.37,74.58,74.23,72.33,76.49,74.05,73.97,77.18,73.66,72.86,73.54,72.69,74.77,74.35,74.58,74.46,74.03,74.38,75.14,72.15,74.72,73.13,73.69,75.66,76.45,72.38,74.16,73.76,74.64,75.06,75.46,73.82,73.25,72.74,71.79,75.91,75.11,73.85,71.88,75.33,75.02,74.33,71.95,74.34,76.05,72.43,75.39,73.6,75.43,72.27,75.06,75.65,73.25,73.73,74.22,72.34,77.4,73.29,76.72,71.24,75.08,72.86,73.82,74.94,74.89,74.58,73.23
1.3425,50,-,71.26,73.42,74.0,74.38,74.61,77.28,77.39,74.81,72.76,73.53,74.34,75.8,74.94,74.57,77.59,74.68,74.89,73.16,76.16,74.98,72.28,74.5,70.91,75.54,74.75,74.13,74.53,74.93,72.46,73.24,74.59,75.56,74.53,75.29,71.33,73.34,74.23,74.35,76.89,77.88,74.19,73.27,74.88,74.13,75.87,74.44,72.38,74.59,72.89,74.89,72.45,75.7,73.92,75.57,73.58,75.06,74.36,75.24,74.35,74.04,74.43,76.37,73.74,73.69,73.82,75.7,72.56,74.49,76.28,75.24,72.87,73.15,76.68,78.46,75.32,75.68,74.29,74.08,73.21,71.65,76.11,77.86,73.55,74.62,77.1,74.08,75.77,74.26,75.32,74.23,75.04,76.07,73.14,73.27,74.75,74.88,75.19,74.55,73.88,71.8
1.345,50,-,73.68,74.46,74.17,73.45,74.15,74.58,72.21,74.55,74.1,75.82,73.68,74.67,73.66,73.77,75.4,78.69,74.62,75.22,74.98,74.31,75.83,74.09,74.85,77.51,75.36,76.96,73.85,73.94,74.72,73.88,75.81,71.53,71.89,75.03,73.45,72.3,72.87,76.23,74.29,75.13,73.73,76.21,74.35,76.78,74.95,76.88,75.45,75.55,74.72,75.8,74.84,72.63,75.51,76.2,74.38,71.02,76.0,78.82,72.49,74.49,74.39,75.11,75.09,75.38,73.31,73.08,73.03,72.06,73.66,73.67,71.95,76.41,74.68,72.72,73.96,75.86,73.31,74.92,74.47,71.96,73.48,74.53,75.18,75.06,73.71,74.38,74.29,74.4,74.54,74.88,71.39,76.93,75.71,73.17,74.31,74.64,74.29,73.86,77.88,74.52
1.3475,50,-,75.29,74.46,75.74,72.4,75.9,73.91,74.07,74.27,78.61,73.55,74.8,74.09,71.57,74.83,73.75,75.4,75.85,73.36,72.94,75.22,73.26,76.15,73.3,73.85,74.77,73.4,76.27,73.18,73.13,72.44,76.52,74.36,77.17,74.49,76.51,74.04,75.16,73.89,71.61,76.31,76.13,75.63,72.0,73.38,75.45,74.73,73.43,73.83,73.1,75.81,74.05,72.61,73.45,73.56,72.39,73.38,75.82,75.42,74.01,75.85,74.0,76.1,76.71,75.02,76.01,74.68,75.63,72.96,73.76,75.32,75.37,76.1,74.69,74.51,76.34,73.67,77.46,73.35,72.76,73.37,75.23,74.93,75.48,73.75,73.37,74.17,75.32,72.68,71.42,75.78,72.54,73.36,72.55,74.67,75.16,73.56,73.14,73.8,76.4,73.78
1.5955,50,-,64.35,62.17,62.84,64.16,62.27,62.21,60.13,65.2,59.49,59.63,65.42,63.93,59.54,59.91,59.77,59.5,63.29,60.82,65.42,63.17,62.98,64.49,62.03,62.28,62.68,64.43,64.91,60.25,61.93,61.9,61.9,59.96,66.61,62.1,62.15,62.0,60.79,61.06,60.41,63.95,59.36,63.46,63.02,61.31,62.98,61.06,59.08,64.61,61.71,57.81,60.82,60.47,61.66,60.92,64.55,60.93,62.96,60.62,61.21,60.59,61.3,61.75,64.04,61.01,62.19,63.21,61.05,60.67,60.95,61.01,60.83,61.92,60.91,61.74,58.27,62.16,63.88,63.16,58.12,62.03,61.9,62.25,62.66,61.18,62.63,63.03,60.28,63.27,60.12,60.5,62.27,63.2,60.37,60.74,62.06,60.74,61.58,62.0,62.72,59.92
1.596,50,-,63.91,62.54,60.79,65.38,63.81,62.45,63.76,61.72,60.59,61.97,62.65,59.2,60.68,61.23,60.73,61.05,59.74,60.73,65.8,61.39,63.87,64.12,63.43,59.79,60.74,62.13,61.03,62.3,60.92,60.4,59.88,61.97,63.15,60.47,62.77,62.72,62.27,60.2,61.88,62.22,59.93,61.29,61.73,62.54,61.51,62.99,60.5,60.3,62.94,64.53,62.79,60.96,61.05,62.07,62.18,61.95,61.09,62.23,64.15,59.1,64.83,62.62,64.43,60.54,60.48,61.38,61.0,61.5,60.24,61.4,60.01,56.97,62.04,63.45,60.47,59.87,61.46,61.37,65.32,60.18,61.58,59.4,62.81,61.85,61.55,60.09,63.33,61.22,61.75,62.41,63.97,59.57,61.61,65.99,60.2,62.76,62.94,62.95,66.36,61.24
1.5965,50,-,61.4,61.15,61.02,63.38,62.24,61.49,61.85,60.97,58.91,62.23,62.48,59.19,60.07,65.57,61.63,64.25,65.15,59.19,60.84,63.93,63.93,62.63,62.46,63.66,60.65,62.94,60.94,63.71,61.65,60.18,63.77,60.93,63.41,61.04,62.07,61.56,61.88,60.86,63.2,61.57,60.89,62.76,61.79,62.75,62.94,61.76,64.61,60.83,61.04,64.22,62.58,62.61,63.66,60.12,57.28,63.25,62.45,60.5,61.94,65.0,61.7,61.15,64.43,60.1,62.93,60.73,62.5,62.21,62.28,65.53,61.92,62.85,64.59,63.97,62.94,62.64,63.38,64.33,58.01,62.44,64.27,62.04,59.5,64.02,62.0,61.24,64.37,61.67,63.73,63.38,61.34,64.75,59.05,60.72,62.04,59.68,63.05,62.18,60.25,61.18
1.597,50,-,59.76,63.34,62.12,61.05,61.05,62.17,62.44,63.91,62.48,59.52,63.5,62.21,64.98,61.37,63.06,61.96,62.83,64.96,62.93,61.32,62.02,65.57,59.68,59.84,62.32,65.09,61.39,58.83,60.65,64.04,60.86,61.99,65.53,61.78,62.68,65.06,63.78,58.49,61.46,62.04,60.86,59.82,59.76,63.8,61.19,62.35,61.69,61.06,64.09,58.89,61.05,62.84,62.96,61.89,61.52,63.44,58.52,61.6,62.49,60.62,61.22,61.44,61.91,59.13,62.54,62.39,62.45,61.19,60.95,62.17,60.34,63.49,62.63,61.77,61.33,60.73,62.17,60.4,62.12,62.36,60.66,62.02,61.31,64.27,62.39,60.21,59.57,61.81,63.27,62.75,62.68,62.44,63.22,63.49,59.96,65.59,63.63,62.33,64.62,63.35
1.5975,50,-,63.32,63.35,64.19,63.85,62.3,60.9,62.04,62.47,60.05,62.4,59.95,59.9,58.94,61.98,62.34,60.07,62.24,64.95,61.69,61.77,60.47,61.44,58.26,58.0,61.93,61.05,61.85,60.45,62.36,58.31,62.94,62.28,60.87,63.63,58.84,61.48,58.31,60.36,62.02,60.38,62.04,61.21,61.68,60.82,61.01,59.17,63.8,61.62,65.62,60.86,62.32,62.04,63.0,60.04,64.28,64.13,63.17,60.95,60.26,59.31,61.4,58.32,65.89,61.72,62.65,59.55,63.4,62.68,64.74,62.7,60.88,65.65,64.0,62.63,61.02,61.58,60.82,60.37,63.01,60.55,61.44,60.18,59.09,65.72,62.35,63.32,63.69,62.14,61.9,60.83,59.82,60.71,58.45,65.08,61.43,60.79,61.05,62.27,61.66,62.71
1.598,50,-,61.02,63.46,62.61,61.61,62.19,60.83,59.76,60.36,65.26,63.91,60.93,61.28,62.93,63.37,61.64,61.04,61.28,58.14,61.53,61.54,62.92,62.55,59.34,59.12,60.77,61.61,63.35,63.36,62.18,62.52,61.24,59.53,59.21,62.94,61.96,61.27,59.5,62.11,65.53,61.69,60.44,61.66,62.35,63.19,61.54,61.11,61.44,61.94,61.9,60.37,62.15,64.36,62.45,60.99,63.0,62.32,64.08,61.8,63.17,61.93,64.34,59.03,61.14,61.4,60.93,65.1,61.78,62.62,61.13,59.12,63.86,61.4,60.27,59.77,62.5,60.58,64.86,58.8,60.37,61.44,63.31,62.01,64.12,62.17,61.35,63.06,60.81,63.86,62.65,64.85,59.27,63.94,58.84,63.16,58.46,59.19,63.25,63.15,62.75,61.23
1.5985,50,-,58.52,61.41,59.61,61.37,64.16,61.12,62.63,62.37,63.49,61.49,58.03,60.81,61.88,62.42,61.39,62.41,62.09,59.79,58.91,60.56,59.95,60.69,62.44,63.22,59.87,64.12,63.69,60.3,62.53,65.2,62.13,62.74,59.08,61.11,63.58,60.04,61.38,62.9,62.38,61.09,59.51,61.95,60.94,63.31,59.98,61.84,62.09,63.71,61.39,61.81,61.32,61.57,62.96,62.3,63.96,63.39,60.85,60.19,61.22,62.76,63.29,60.36,62.43,63.45,63.31,60.52,65.42,62.32,61.02,61.84,63.55,64.6,61.5,61.59,63.23,59.88,62.14,61.22,61.46,63.64,59.74,62.65,61.89,64.8,61.29,61.35,60.26,60.99,57.67,60.45,61.13,61.75,62.64,61.09,61.24,61.53,59.1,60.7,64.43,62.5
1.599,50,-,59.21,60.61,62.79,64.08,61.36,61.26,62.54,61.2,62.86,62.35,61.57,59.03,62.64,62.81,63.08,60.34,65.68,63.94,61.05,59.4,60.71,59.72,60.24,62.54,62.7,64.04,62.11,62.98,59.36,61.13,61.64,61.66,62.29,60.4,64.07,60.82,60.41,61.93,61.98,59.58,62.5,60.59,59.58,60.99,62.19,61.73,59.81,64.43,61.89,62.18,65.97,62.18,62.85,61.52,63.3,62.81,61.8,60.85,61.83,60.44,62.47,64.6,62.19,63.56,63.87,62.96,61.34,63.27,62.2,61.29,64.59,59.03,62.97,63.41,60.76,59.6,62.46,62.56,63.33,62.27,59.27,61.35,63.84,59.32,62.03,61.0,64.47,62.9,61.89,61.7,64.76,63.56,61.09,64.14,63.24,63.4,61.61,64.24,60.11,63.33
1.5995,50,-,60.13,61.12,63.64,60.93,61.59,62.9,60.93,61.12,61.09,58.6,60.84,60.84,59.57,62.94,63.18,61.98,62.56,61.2,60.66,61.96,62.85,61.73,62.5,64.39,60.78,61.42,60.47,63.2,61.96,64.2,61.56,60.49,63.12,62.4,61.94,60.12,63.81,61.53,62.19,63.32,64.08,62.7,59.23,61.69,59.58,60.47,60.45,62.24,62.19,61.42,63.55,59.69,57.63,62.08,61.87,62.65,61.34,61.1,61.59,64.47,62.81,60.7,64.3,60.33,64.93,62.05,61.44,62.94,61.2,62.6,63.26,61.82,62.01,61.83,63.55,60.34,60.15,60.87,61.23,62.25,63.12,63.39,64.4,62.86,61.44,62.99,61.68,62.06,60.47,63.85,60.49,62.1,61.34,61.29,61.04,62.47,63.1,63.91,64.54,60.28
1.601,50,-,27.5,30.13,25.32,26.23,27.4,27.39,29.89,25.94,29.23,27.9,28.83,26.5,27.63,26.38,28.22,28.83,23.55,26.85,26.46,27.15,24.48,23.02,31.22,26.67,27.69,23.42,23.98,27.09,25.8,29.47,30.39,27.37,31.77,25.17,28.36,30.37,27.38,28.56,26.64,29.63,27.65,28.68,24.0,30.76,31.73,30.33,30.18,26.99,26.63,26.8,25.98,26.31,29.04,23.66,26.41,27.36,32.11,28.66,28.32,28.6,28.14,22.95,29.37,23.98,32.75,28.23,28.16,26.43,26.15,27.94,27.32,29.08,26.25,25.5,29.38,26.91,25.41,24.84,27.22,29.14,30.23,28.34,27.89,25.91,30.47,28.37,28.73,30.94,29.32,26.53,25.15,27.31,29.14,26.16,25.46,29.96,28.18,27.54,29.47,27.56
1.602,50,-,25.89,28.23,28.17,26.3,27.9,24.4,28.66,30.88,28.86,28.76,27.84,27.57,26.94,29.43,31.01,27.09,28.08,27.08,29.34,25.04,25.95,27.23,27.05,30.38,27.13,29.1,26.78,28.43,27.8,27.06,27.66,31.2,28.54,30.29,28.42,27.69,27.8,25.85,29.74,25.91,28.63,28.1,28.96,28.45,30.57,29.27,26.4,29.31,29.63,27.48,31.03,26.99,27.64,26.83,27.29,23.86,26.94,29.54,25.61,25.33,25.66,27.97,26.3,26.75,28.61,30.05,25.81,25.84,26.64,24.85,28.62,29.47,27.79,26.93,27.31,24.23,28.22,28.34,25.92,28.2,27.61,26.66,26.14,30.88,26.14,26.95,25.09,31.62,28.7,26.73,27.71,29.2,27.63,28.16,27.53,23.46,26.62,29.16,25.58,30.95
1.603,50,-,29.51,27.12,25.61,28.45,26.14,31.38,28.58,24.71,28.92,28.72,27.99,26.57,27.56,28.51,26.31,28.32,29.81,25.49,27.81,29.98,26.46,29.72,25.33,27.67,27.98,27.79,29.31,28.68,29.14,29.56,31.36,30.36,28.59,30.7,28.42,25.6,28.16,26.58,25.39,25.62,26.7,27.15,29.4,27.52,26.68,26.6,26.96,25.2,26.8,29.58,29.88,30.39,23.59,28.18,25.16,28.62,29.12,28.0,26.76,26.98,28.11,27.89,26.59,25.38,28.65,31.69,32.26,27.08,27.8,27.81,28.01,29.29,27.76,29.12,26.65,26.27,25.27,28.19,27.27,30.58,26.02,26.96,29.19,27.85,30.74,25.6,27.86,28.34,28.03,31.09,27.73,24.27,27.19,28.88,27.64,28.34,25.45,28.59,29.87,24.9
1.604,50,-,25.81,24.18,29.44,30.49,28.86,27.46,29.04,23.6,28.99,26.42,29.73,25.71,28.5,31.38,29.84,27.92,27.59,29.54,30.66,27.21,29.05,29.1,27.29,30.44,29.29,24.8,25.44,26.12,27.01,27.12,26.17,27.46,28.92,26.86,27.27,28.61,29.45,29.26,27.85,30.1,25.74,27.58,30.02,29.19,25.94,27.13,25.52,29.9,26.15,27.0,31.18,29.61,26.19,30.97,29.21,31.58,27.62,26.45,29.6,24.4,28.99,31.49,29.42,25.37,27.49,28.83,28.72,26.73,27.29,31.18,27.88,26.73,28.32,28.87,28.75,23.22,28.08,24.92,25.95,28.93,27.53,28.87,27.82,29.16,27.54,27.65,30.25,26.68,30.18,27.55,26.86,27.56,27.6,26.64,26.15,29.34,29.34,25.88,27.52,27.09
1.66525,50,-,23.75,27.5,26.89,28.87,27.76,26.73,28.29,28.49,28.71,32.39,26.82,28.21,27.12,26.0,27.91,25.79,25.22,26.5,27.97,27.36,27.97,30.04,28.58,32.59,28.3,28.68,28.88,27.1,28.05,29.98,28.91,27.89,30.44,29.69,24.94,27.13,28.66,28.56,26.64,27.8,29.01,26.91,28.22,26.09,31.24,27.33,25.21,30.08,26.13,27.01,31.65,29.47,30.73,28.63,27.88,26.1,25.86,26.39,25.55,25.09,27.29,30.37,20.4,28.75,28.84,25.61,28.88,28.36,27.02,28.85,28.26,27.11,27.79,30.27,27.19,27.13,29.78,27.93,26.85,28.08,27.0,26.01,25.8,25.01,26.75,28.5,24.97,25.79,26.19,31.89,28.88,26.58,26.8,26.64,28.42,27.11,29.48,31.67,28.58,28.04
1.6655,50,-,27.0,28.17,26.82,31.18,26.63,29.1,29.27,29.66,27.06,27.17,27.73,28.02,29.05,27.3,26.68,29.83,26.87,29.34,28.61,27.07,26.69,26.9,29.76,23.17,30.05,28.63,28.63,27.31,25.1,27.61,26.99,25.78,26.95,26.05,27.53,26.24,29.58,27.69,24.59,28.24,28.23,25.03,30.51,29.6,26.46,24.75,28.0,30.87,28.13,29.33,27.82,26.18,29.36,30.26,26.51,30.13,25.9,28.23,29.97,28.47,29.61,27.78,26.11,26.0,27.96,25.97,27.66,30.22,27.63,28.06,28.51,26.92,22.58,26.6,28.41,29.1,26.03,27.55,27.84,25.95,27.58,26.57,28.67,30.63,30.56,27.41,29.59,27.67,30.41,26.72,26.42,24.76,23.98,26.69,25.67,30.32,27.54,24.45,27.1,28.01
1.66575,50,-,26.52,23.37,30.23,28.61,23.38,27.3,27.86,25.7,27.44,27.36,26.31,30.06,29.7,28.34,31.15,26.05,24.72,27.9,26.78,27.11,24.94,29.31,32.49,28.2,28.51,27.11,28.82,25.91,27.78,25.95,30.34,27.79,25.35,26.32,26.48,31.88,32.19,25.76,29.46,22.63,28.11,25.51,25.32,28.7,31.06,26.59,25.14,28.7,26.53,25.12,26.64,29.33,27.34,26.68,25.34,27.13,28.61,23.88,31.27,29.27,25.1,25.67,28.54,25.23,27.91,28.29,25.77,27.72,23.5,27.87,28.91,26.23,28.29,27.8,28.53,26.07,28.04,27.9,31.81,29.11,28.23,26.56,28.11,26.82,27.85,27.87,27.03,27.91,30.95,27.64,27.1,25.82,27.38,25.17,30.04,30.54,24.55,30.79,30.32,27.13
1.666,50,-,28.77,26.12,26.57,26.95,31.25,31.06,27.16,28.33,31.06,30.14,27.96,30.65,31.33,26.97,26.51,26.16,25.02,29.32,26.76,26.14,28.49,28.35,29.44,29.66,27.03,24.92,29.21,28.65,27.22,28.83,27.31,23.23,28.66,29.05,27.3,29.6,25.84,28.94,26.49,29.51,27.28,23.62,26.48,26.55,27.52,29.83,31.68,29.67,27.06,27.3,25.29,26.78,26.81,26.62,26.05,24.49,25.54,28.33,28.08,27.02,28.37,27.0,26.15,25.02,26.89,29.1,27.79,27.39,25.83,26.58,25.86,28.86,27.05,29.99,29.4,31.71,28.69,26.5,28.3,24.13,25.23,31.47,23.05,28.28,26.12,27.92,29.06,27.75,29.0,26.44,26.54,26.85,28.35,27.77,24.34,27.11,25.17,28.15,31.76,26.3
